k,MD,LM,model,accuracy,f1_0,f1_1,macro_avg_f1,macro_avg_precision,macro_avg_recall,precision_0,precision_1,recall_0,recall_1,weighted_avg_f1,weighted_avg_precision,weighted_avg_recall
1,0,0.0,logistic,0.7825520833333334,0.8416311047889995,0.6531671858774662,0.7473991453332329,0.7353037020811107,0.7958098540673313,0.9288330716902146,0.5417743324720069,0.7693974859124404,0.8222222222222222,0.7946991718569283,0.8324463739356806,0.7825520833333334
2,106093,31662.8056,logistic,0.77880859375,0.8431983385254413,0.6246893123446562,0.7339438254350488,0.721221965343701,0.7655766337744461,0.9015544041450777,0.5408895265423243,0.7919375812743823,0.7392156862745098,0.7887844697011247,0.8117403965389234,0.77880859375
4,148709,34504.5889,logistic,0.7859700520833334,0.8500057032052013,0.6265265549559784,0.7382661290805899,0.7255878639043043,0.7642286476792711,0.8971827594509992,0.5539929683576093,0.8075422626788037,0.7209150326797386,0.7943541574986077,0.8117204579580163,0.7859700520833334
8,171976,40786.9258,logistic,0.767578125,0.8334111059262715,0.6157158234660925,0.724563464696182,0.7129031408009165,0.7609390006544448,0.9024759979787772,0.5233302836230558,0.7741655830082358,0.7477124183006536,0.7791998783605042,0.8080598288765225,0.767578125
16,205556,47661.1028,logistic,0.7701822916666666,0.8384808968199496,0.601804850535815,0.7201428736778823,0.7085525101513473,0.7458536253686563,0.8878391472868217,0.529265873015873,0.79432162982228,0.6973856209150326,0.7795430142003653,0.7985459979322398,0.7701822916666666
32,228506,52677.2274,logistic,0.7503255208333334,0.8180308422301305,0.6023846552617936,0.710207748745962,0.7013524173852903,0.753383989052925,0.9035639412997903,0.4991408934707904,0.7472908539228436,0.7594771241830065,0.7643298874675075,0.8028531237251859,0.7503255208333334
64,254101,63777.3726,logistic,0.70263671875,0.7695218872208907,0.5810593900481541,0.6752906386345223,0.6840803966008263,0.74456810899479,0.920615756112285,0.4475450370893677,0.6610316428261812,0.8281045751633986,0.7225903083351017,0.8028100594806015,0.70263671875
128,293020,74993.6829,logistic,0.67919921875,0.743593079224665,0.5716148663334057,0.6576039727790354,0.6791175396302054,0.7394481416320321,0.9300357956394403,0.4281992836209704,0.6194191590810576,0.8594771241830066,0.7007664734753769,0.805066742353591,0.67919921875
256,317096,78544.4274,logistic,0.6845703125,0.7533723593789768,0.562528216704289,0.6579502880416329,0.6710544666014712,0.7279524380189875,0.9124537607891492,0.4296551724137931,0.6415257910706545,0.8143790849673203,0.7058476949433857,0.7922255966917704,0.6845703125
512,340180,88759.1683,logistic,0.6624348958333334,0.7285340314136126,0.5537865748709122,0.6411603031422624,0.6662302804812854,0.7221703766031771,0.9196959682749505,0.4127645926876203,0.6031642826181187,0.8411764705882353,0.6850178190909674,0.7934581745495898,0.6624348958333333
1024,360136,104722.5524,logistic,0.7529296875,0.823447313328681,0.5886178861788618,0.7060325997537714,0.6956659973226238,0.7385170453096713,0.8885542168674698,0.5027777777777778,0.7672301690507152,0.7098039215686275,0.7649692821536772,0.7924868418988454,0.7529296875
1,0,0.0,tree,0.7822265625,0.8412434741338396,0.6533678756476684,0.7473056748907541,0.7353360445253652,0.7962484170087627,0.9294703723125328,0.5412017167381974,0.7683138274815778,0.8241830065359477,0.7944580467764434,0.8327823770279082,0.7822265625
2,106093,31662.8056,tree,0.8020833333333334,0.8669293061939155,0.6139682539682539,0.7404487800810847,0.7362330942790714,0.7452501763600976,0.875552608311229,0.5969135802469135,0.8584742089293455,0.6320261437908496,0.8039360754150642,0.8061649597209942,0.8020833333333334
4,148709,34504.5889,tree,0.7970377604166666,0.8599977545750533,0.6311742088139604,0.7455859816945068,0.734297588211332,0.7637339894778892,0.892150011646867,0.5764451647757969,0.8300823580407456,0.6973856209150326,0.8030153286286875,0.8135321054436221,0.7970377604166666
8,171976,40786.9258,tree,0.76904296875,0.8351341930986407,0.6145069274653626,0.7248205602820017,0.7129385420301426,0.7590746831892705,0.9000751314800901,0.5258019525801952,0.7789336801040312,0.7392156862745098,0.7801928330044161,0.8068723379063858,0.76904296875
16,205556,47661.1028,tree,0.7679036458333334,0.83590333716916,0.60366870483602,0.7197860210025899,0.7081073719256752,0.7484867028736072,0.8910696761530913,0.5251450676982592,0.7871694841785869,0.7098039215686275,0.7780714707190128,0.7999458722898275,0.7679036458333334
32,228506,52677.2274,tree,0.7576497395833334,0.8240992321323095,0.6105153021187549,0.7173072671255323,0.7073395110473059,0.7593526097044799,0.9057387691508699,0.5089402529437418,0.7559601213697442,0.7627450980392156,0.7709118276855748,0.8069266386500714,0.7576497395833334
64,254101,63777.3726,tree,0.6897786458333334,0.7540645161290322,0.5799911855442926,0.6670278508366625,0.6846301020408163,0.7467103529751736,0.9317602040816326,0.4375,0.6332899869960988,0.8601307189542484,0.7107161769697465,0.8086778290417729,0.6897786458333334
128,293020,74993.6829,tree,0.6749674479166666,0.7376855378957047,0.5728342245989305,0.6552598812473176,0.6810336354831579,0.741872986732621,0.9363121040346782,0.4257551669316375,0.6085825747724317,0.8751633986928105,0.6966336971821526,0.8091714605178076,0.6749674479166666
256,317096,78544.4274,tree,0.6609700520833334,0.7235567352355674,0.5617504733852304,0.642653604310399,0.673726201706474,0.7316797980570642,0.9332420403971242,0.41421036301582376,0.5908105765062852,0.8725490196078431,0.6832631837005714,0.8039909879242417,0.6609700520833334
512,340180,88759.1683,tree,0.6624348958333334,0.7285340314136126,0.5537865748709122,0.6411603031422624,0.6662302804812854,0.7221703766031771,0.9196959682749505,0.4127645926876203,0.6031642826181187,0.8411764705882353,0.6850178190909674,0.7934581745495898,0.6624348958333333
1024,360136,104722.5524,tree,0.7529296875,0.823447313328681,0.5886178861788618,0.7060325997537714,0.6956659973226238,0.7385170453096713,0.8885542168674698,0.5027777777777778,0.7672301690507152,0.7098039215686275,0.7649692821536772,0.7924868418988454,0.7529296875
1,0,0.0,forest,0.8009440104166666,0.8646075500940994,0.6242703533026114,0.7444389516983554,0.7363347993348879,0.7551947610426919,0.883684091423399,0.5889855072463768,0.8463372345036845,0.6640522875816993,0.804757955189969,0.8102972369652538,0.8009440104166666
2,106093,31662.8056,forest,0.8024088541666666,0.8655890168290522,0.6271498771498771,0.7463694469894646,0.7381653165418831,0.7572622113431415,0.8847894975101857,0.5915411355735806,0.8472041612483745,0.6673202614379085,0.8062120826316014,0.8117637823794882,0.8024088541666666
4,148709,34504.5889,forest,0.7960611979166666,0.8587213891081295,0.6335185726820708,0.7461199808951001,0.7341331687753765,0.7665786990999262,0.8949471210340776,0.5733192165166755,0.8253142609449502,0.707843137254902,0.8026406096270309,0.8148542346552324,0.7960611979166666
8,171976,40786.9258,forest,0.7682291666666666,0.8344186046511628,0.613882863340564,0.7241507339958634,0.7123551522078898,0.7587512855163738,0.9001505268439538,0.5245597775718258,0.7776332899869961,0.7398692810457517,0.7795000362583867,0.806619627367008,0.7682291666666666
16,205556,47661.1028,forest,0.7679036458333334,0.8358277688233939,0.6041088284286508,0.7199682986260223,0.7082751780688912,0.7489235659586765,0.8914538310412574,0.525096525096525,0.7867360208062418,0.7111111111111111,0.7781243217524373,0.8002222753616609,0.7679036458333334
32,228506,52677.2274,forest,0.7576497395833334,0.8240992321323095,0.6105153021187549,0.7173072671255323,0.7073395110473059,0.7593526097044799,0.9057387691508699,0.5089402529437418,0.7559601213697442,0.7627450980392156,0.7709118276855748,0.8069266386500714,0.7576497395833334
64,254101,63777.3726,forest,0.6897786458333334,0.7540645161290322,0.5799911855442926,0.6670278508366625,0.6846301020408163,0.7467103529751736,0.9317602040816326,0.4375,0.6332899869960988,0.8601307189542484,0.7107161769697465,0.8086778290417729,0.6897786458333334
128,293020,74993.6829,forest,0.6749674479166666,0.7376855378957047,0.5728342245989305,0.6552598812473176,0.6810336354831579,0.741872986732621,0.9363121040346782,0.4257551669316375,0.6085825747724317,0.8751633986928105,0.6966336971821526,0.8091714605178076,0.6749674479166666
256,317096,78544.4274,forest,0.6609700520833334,0.7235567352355674,0.5617504733852304,0.642653604310399,0.673726201706474,0.7316797980570642,0.9332420403971242,0.41421036301582376,0.5908105765062852,0.8725490196078431,0.6832631837005714,0.8039909879242417,0.6609700520833334
512,340180,88759.1683,forest,0.6624348958333334,0.7285340314136126,0.5537865748709122,0.6411603031422624,0.6662302804812854,0.7221703766031771,0.9196959682749505,0.4127645926876203,0.6031642826181187,0.8411764705882353,0.6850178190909674,0.7934581745495898,0.6624348958333333
1024,360136,104722.5524,forest,0.7529296875,0.823447313328681,0.5886178861788618,0.7060325997537714,0.6956659973226238,0.7385170453096713,0.8885542168674698,0.5027777777777778,0.7672301690507152,0.7098039215686275,0.7649692821536772,0.7924868418988454,0.7529296875
1,0,0.0,mlp,0.7942708333333334,0.8521291530182499,0.6620320855614973,0.7570806192898736,0.742978143899224,0.7992435639188489,0.925775292323335,0.5601809954751131,0.7893368010403121,0.8091503267973856,0.8047905278215,0.8347337437917953,0.7942708333333334
2,106093,31662.8056,mlp,0.7752278645833334,0.839287792389154,0.6262516914749662,0.73276974193206,0.7203344695912199,0.7688718053324495,0.9062578537320934,0.5344110854503464,0.7815344603381015,0.7562091503267974,0.7862368102279061,0.8136592932713068,0.7752278645833334
4,148709,34504.5889,mlp,0.7845052083333334,0.8472542685740655,0.6342541436464089,0.7407542061102372,0.7275271868058719,0.7730827745055543,0.9057720769610261,0.5492822966507177,0.7958387516254877,0.7503267973856209,0.794212245276651,0.8169977664345334,0.7845052083333334
8,171976,40786.9258,mlp,0.7682291666666666,0.8337613822087322,0.6174099946265449,0.7255856884176386,0.7138859747628477,0.762464621739463,0.9035931174089069,0.5241788321167883,0.7739488513220633,0.7509803921568627,0.7798848159651212,0.8091100678488578,0.7682291666666666
16,205556,47661.1028,mlp,0.76806640625,0.835696990660671,0.6058091286307054,0.7207530596456881,0.7090053013021955,0.7505609525995054,0.8928307464892831,0.5251798561151079,0.7854356306892067,0.7156862745098039,0.7784495250184432,0.8012770579683702,0.76806640625
32,228506,52677.2274,mlp,0.7667643229166666,0.8330420598858208,0.613225371120108,0.7231337155029645,0.7115147566050686,0.7586497190987362,0.9007306626354246,0.5222988505747126,0.7748157780667534,0.742483660130719,0.7783025524295154,0.8064922719367121,0.7667643229166666
64,254101,63777.3726,mlp,0.68896484375,0.7527493854314918,0.5808291291949988,0.6667892573132453,0.6854881676167301,0.7479159761000196,0.9338683788121991,0.43710795642126116,0.6304724750758561,0.865359477124183,0.7099372122475995,0.8101633908144558,0.68896484375
128,293020,74993.6829,mlp,0.6749674479166666,0.7376855378957047,0.5728342245989305,0.6552598812473176,0.6810336354831579,0.741872986732621,0.9363121040346782,0.4257551669316375,0.6085825747724317,0.8751633986928105,0.6966336971821526,0.8091714605178076,0.6749674479166666
256,317096,78544.4274,mlp,0.6609700520833334,0.7235567352355674,0.5617504733852304,0.642653604310399,0.673726201706474,0.7316797980570642,0.9332420403971242,0.41421036301582376,0.5908105765062852,0.8725490196078431,0.6832631837005714,0.8039909879242417,0.6609700520833334
512,340180,88759.1683,mlp,0.6624348958333334,0.7285340314136126,0.5537865748709122,0.6411603031422624,0.6662302804812854,0.7221703766031771,0.9196959682749505,0.4127645926876203,0.6031642826181187,0.8411764705882353,0.6850178190909674,0.7934581745495898,0.6624348958333333
1024,360136,104722.5524,mlp,0.7529296875,0.823447313328681,0.5886178861788618,0.7060325997537714,0.6956659973226238,0.7385170453096713,0.8885542168674698,0.5027777777777778,0.7672301690507152,0.7098039215686275,0.7649692821536772,0.7924868418988454,0.7529296875
1,0,0.0,svm,0.7766927083333334,0.8358851674641148,0.6507128309572301,0.7432989992106724,0.7328361817798869,0.7962773145669191,0.9327282434596903,0.5329441201000834,0.7572605114867794,0.8352941176470589,0.7897729156972636,0.8331726268027569,0.7766927083333334
2,106093,31662.8056,svm,0.7771809895833334,0.8420445367485866,0.6219276442971555,0.731986090522871,0.7194095381107074,0.7634008176309102,0.9003207500616827,0.5384983261597321,0.7908539228435197,0.7359477124183007,0.7872302715385134,0.8102184862970367,0.7771809895833334
4,148709,34504.5889,svm,0.7736002604166666,0.8390977443609022,0.6181718363985726,0.7286347903797374,0.7163341768121478,0.7610167690830125,0.899776730339866,0.5328916232844297,0.7860858257477243,0.7359477124183007,0.7840820153273143,0.8084137398133658,0.7736002604166666
8,171976,40786.9258,svm,0.7581380208333334,0.8255049318929075,0.6060445387062566,0.715774735299582,0.7053163797608766,0.7544353502129071,0.9008200922603793,0.5098126672613738,0.7618118768964023,0.7470588235294118,0.7708541503864662,0.8034500791991035,0.7581380208333334
16,205556,47661.1028,svm,0.7434895833333334,0.8132701421800947,0.5904365904365905,0.7018533663083426,0.69354901998812,0.7431534035374011,0.8970203868269734,0.4900776531492666,0.7438231469440832,0.742483660130719,0.7577793651345933,0.7956821084209039,0.7434895833333334
32,228506,52677.2274,svm,0.74072265625,0.8080954101915432,0.600451467268623,0.7042734387300831,0.6984310780079698,0.7546355082995486,0.9096826688364524,0.48717948717948717,0.7269180754226268,0.7823529411764706,0.7563872017488239,0.8044694741855479,0.74072265625
64,254101,63777.3726,svm,0.673828125,0.7363851617995264,0.5723431498079385,0.6543641558037325,0.6808259654587934,0.7415512889160866,0.9367469879518072,0.42490494296577946,0.606631989596879,0.8764705882352941,0.6955348560789649,0.809286322452357,0.673828125
128,293020,74993.6829,svm,0.67919921875,0.743593079224665,0.5716148663334057,0.6576039727790354,0.6791175396302054,0.7394481416320321,0.9300357956394403,0.4281992836209704,0.6194191590810576,0.8594771241830066,0.7007664734753769,0.805066742353591,0.67919921875
256,317096,78544.4274,svm,0.6796875,0.7488514548238897,0.5579514824797843,0.653401468651837,0.6678329299209618,0.723827736556261,0.9106145251396648,0.42505133470225875,0.635890767230169,0.8117647058823529,0.7013128874921056,0.7896979103334748,0.6796875
512,340180,88759.1683,svm,0.6624348958333334,0.7285340314136126,0.5537865748709122,0.6411603031422624,0.6662302804812854,0.7221703766031771,0.9196959682749505,0.4127645926876203,0.6031642826181187,0.8411764705882353,0.6850178190909674,0.7934581745495898,0.6624348958333333
1024,360136,104722.5524,svm,0.7529296875,0.823447313328681,0.5886178861788618,0.7060325997537714,0.6956659973226238,0.7385170453096713,0.8885542168674698,0.5027777777777778,0.7672301690507152,0.7098039215686275,0.7649692821536772,0.7924868418988454,0.7529296875
1,0,0.0,xgb,0.8175455729166666,0.8747066055661116,0.6644717150553726,0.7695891603107421,0.7579952524912824,0.7867806420357479,0.9030694668820679,0.6129210381004969,0.8480710879930646,0.7254901960784313,0.8223531904486913,0.8308157077616573,0.8175455729166666
2,106093,31662.8056,xgb,0.8116861979166666,0.8719991149463436,0.6438904278239458,0.7579447713851447,0.7495573894952722,0.7688998529624247,0.8906214689265537,0.6084933100639907,0.8541395752058951,0.6836601307189543,0.8151947055555122,0.8203649449910522,0.8116861979166666
4,148709,34504.5889,xgb,0.79833984375,0.8599208592425099,0.6401394133023526,0.7500301362724313,0.7374502140685402,0.7722460202112922,0.8988418813519262,0.5760585467851542,0.8242306025140875,0.7202614379084967,0.8051901280757715,0.8184612658103961,0.79833984375
8,171976,40786.9258,xgb,0.76953125,0.8354636300255636,0.6154263986963606,0.7254450143609621,0.7135190455259962,0.7598366438035986,0.9005511022044088,0.5264869888475836,0.7791504117902037,0.7405228758169935,0.7806692023019828,0.8074003708509027,0.76953125
16,205556,47661.1028,xgb,0.7672526041666666,0.8352534562211982,0.6036585365853658,0.7194559964032821,0.707800597172638,0.7487085341288662,0.8915395966551893,0.5240615976900866,0.7856523623753793,0.711764705882353,0.7775808932259469,0.800028962147278,0.7672526041666666
32,228506,52677.2274,xgb,0.759765625,0.826148409893993,0.6113744075829384,0.7187614087384657,0.7083517617573345,0.7594507764093934,0.9047987616099071,0.5119047619047619,0.7600780234070221,0.7588235294117647,0.7726646495528612,0.8069589472302079,0.759765625
64,254101,63777.3726,xgb,0.69189453125,0.7565273311897106,0.5805450919565699,0.6685362115731402,0.6847784922321076,0.746808519680087,0.9304017715912686,0.4391552128729467,0.6374078890333766,0.8562091503267973,0.7127036290369265,0.8080698648791865,0.69189453125
128,293020,74993.6829,xgb,0.6749674479166666,0.7376855378957047,0.5728342245989305,0.6552598812473176,0.6810336354831579,0.741872986732621,0.9363121040346782,0.4257551669316375,0.6085825747724317,0.8751633986928105,0.6966336971821526,0.8091714605178076,0.6749674479166666
256,317096,78544.4274,xgb,0.6609700520833334,0.7235567352355674,0.5617504733852304,0.642653604310399,0.673726201706474,0.7316797980570642,0.9332420403971242,0.41421036301582376,0.5908105765062852,0.8725490196078431,0.6832631837005714,0.8039909879242417,0.6609700520833334
512,340180,88759.1683,xgb,0.6624348958333334,0.7285340314136126,0.5537865748709122,0.6411603031422624,0.6662302804812854,0.7221703766031771,0.9196959682749505,0.4127645926876203,0.6031642826181187,0.8411764705882353,0.6850178190909674,0.7934581745495898,0.6624348958333333
1024,360136,104722.5524,xgb,0.7529296875,0.823447313328681,0.5886178861788618,0.7060325997537714,0.6956659973226238,0.7385170453096713,0.8885542168674698,0.5027777777777778,0.7672301690507152,0.7098039215686275,0.7649692821536772,0.7924868418988454,0.7529296875
